scorer,tier,users,recall@1,ci_low,ci_high,MRR
user_style,random,28,0.2909981553353157,0.22513206604263633,0.36372830660983174,0.4763816636573516
user_length_only,random,28,0.12984138919439056,0.08569134758290865,0.18696564524805598,0.3275255025511404
random,random,28,0.11955168021104379,0.09027991148586699,0.15053098689425018,0.3057290347395804
population,random,28,0.09031995260552785,0.05479788845781318,0.13432917966779498,0.27851539574088385
user_style,length_matched,28,0.24520978147865163,0.17994491829281473,0.31572941380088204,0.4459081575978354
population,length_matched,28,0.12108999980235878,0.07785408980701616,0.16657567667547507,0.302732317368465
user_length_only,length_matched,28,0.10361009303681078,0.08681964320575647,0.12065151838187498,0.27603362420252203
random,length_matched,28,0.08814121483223063,0.06410514084717193,0.11545947949701126,0.2747333344352419
user_style,content_similar,28,0.2505071167477313,0.19875845191782174,0.30237183908682624,0.4465741910055926
population,content_similar,28,0.17467968275368362,0.12423318023215726,0.2254338393213334,0.37277279989938067
user_length_only,content_similar,28,0.1466881495283589,0.1054625770620266,0.19018246699264174,0.3495681346930873
random,content_similar,28,0.09367059257681773,0.06979252653829567,0.11744760579017888,0.2901588698423926
user_style,content_and_length,28,0.21927406648386308,0.16980463937745344,0.2733970922560278,0.4209957865824777
population,content_and_length,28,0.12377716060424028,0.0869157981155749,0.15989928177422716,0.3039536049462593
user_length_only,content_and_length,28,0.11174334875810224,0.08977190288286893,0.1330134127281862,0.27821369022790693
random,content_and_length,28,0.09199647236205713,0.06616123777286727,0.11928477394291845,0.2946650786541993
