scorer,tier,v0_recall@1,v1_recall@1
lineup_content_center,content_and_length,0.5545983040227493,0.06115855082312853
lineup_content_center,content_similar,0.5949869852343993,0.06366379001117003
lineup_content_center,length_matched,0.08792482938750917,0.08026786283794071
lineup_content_center,random,0.08711399678124185,0.06376561061429169
lineup_length_center,content_and_length,0.21995877595898233,0.10704190265064806
lineup_length_center,content_similar,0.08818034034796654,0.022732733318577707
lineup_length_center,length_matched,0.22037669771792223,0.09856235062235637
lineup_length_center,random,0.12652874909952178,0.11531614766464005
lineup_style_center,content_and_length,0.10576272324935458,0.07075882128425628
lineup_style_center,content_similar,0.09010949528690827,0.08509686455752521
lineup_style_center,length_matched,0.0877458278558695,0.08500466580138437
lineup_style_center,random,0.11674703807570011,0.08386989427490778
