item_id,user_id,picker,candidate,stylometry_similarity,normalized_edit_distance,lexical_similarity,ranker_score
037cdba1de,9b79c8b0e5,random,"Thanks for the forward, Kent.
I’ve opened McMahon’s email and the attached file.
Could you let me know the deadline for submitting any comments or revisions?
Also, please share if there are any specific points you want highlighted in our review.
Happy to help!",0.14718495204000803,0.7834302325581395,0.10526315789473684,-0.10939525102082182
037cdba1de,9b79c8b0e5,first,"Thanks for sending over McMahon's email, Kent.
I’ve opened the attached file and see the allocation figures for 2002.
Could you clarify whether the numbers include the projected EIM growth?
Also, let me know if you need any further analysis from my side.
Looking forward to your guidance!",0.15239746598690612,0.7616279069767442,0.075,0.07115916810242573
037cdba1de,9b79c8b0e5,ranker,"Thanks for sending over McMahon's email, Kent.
I’ve opened the attached file and see the allocation figures for 2002.
Could you clarify whether the numbers include the projected EIM growth?
Also, let me know if you need any further analysis from my side.
Looking forward to your guidance!",0.15239746598690612,0.7616279069767442,0.075,0.07115916810242573
0afc8e334c,e3b500bf20,random,great to see enron taking harassment prevention seriously! are there any guest speakers or interactive sessions planned? i’m especially interested in real‑world case studies. please keep us posted on any updates.,0.12203940953398322,0.9198113207547169,0.0,-0.14550750006532367
0afc8e334c,e3b500bf20,first,"thanks for the notice about the harassment avoidance seminar! could you share the date, time, and location? i’d like to mark my calendar and ensure i can attend. let me know if there’s any pre‑work required.",0.1376460627721123,0.927536231884058,0.02631578947368421,-0.020625353893373333
0afc8e334c,e3b500bf20,ranker,"hey team, appreciating the heads‑up on the seminar! will there be a virtual option for remote staff? also, is participation mandatory or encouraged? looking forward to learning more!",0.11491473940515423,0.9010989010989011,0.03225806451612903,0.24784292319661322
20123faa32,ffb12f73b8,random,i appreciate your confidence. what’s the biggest hurdle you anticipate getting others to see things your way?,0.0832897928459921,0.8060941828254847,0.0476190476190476,0.0611973988602657
20123faa32,ffb12f73b8,first,"thanks for the enthusiasm, travis. i’m curious—what specific aspects of cross‑commodity master trading agreements do you hope to highlight at the meeting?",0.0838750590598911,0.7673130193905817,0.0895522388059701,-0.0476506049764034
20123faa32,ffb12f73b8,ranker,"Thanks for the heads‑up, Travis.
I’m interested in how you envision the master plan influencing future commodity trading frameworks.",0.08137363867982,0.778393351800554,0.078125,0.0902019273565475
3e42eebc25,a31a43c194,random,"Hello team,

I received your message and see the recipients list. Are we discussing the Enron Europe Global CounterParty project? Please confirm the next steps and any deadlines. Thanks!",0.1303529166832366,0.8523409363745498,0.05714285714285714,0.003589338693265433
3e42eebc25,a31a43c194,first,"Hi Wendi, thanks for the update! Could you please share the agenda for the meeting you referenced? Let me know if I need to prepare any documents. Looking forward to your reply!",0.1328301597089718,0.8535414165666266,0.037037037037037035,0.04312219882232616
3e42eebc25,a31a43c194,ranker,"Wendi,

Thanks for looping everyone in. Could you clarify the main objective of this email? Also, should I expect any attachments or follow-up meetings? Let me know ASAP!",0.10093470854812374,0.8667466986794717,0.03636363636363636,0.04924489872308504
66d4d54567,a0afd6458d,random,"hi steve, glad to hear you’re feeling more neutral these days. what’s driving the cash surge in your view? sorry if i missed your earlier note—my inbox got crazy. can we jump on a quick call tomorrow?",0.08683190853907405,0.8615241635687733,0.0783132530120482,1.1351495486536136
66d4d54567,a0afd6458d,first,"hey steve, thanks for letting me know the markets shifted. i’m curious—what’s your take on the cash strength now? also, did you see my last email about the love thing? let’s catch up soon!",0.09241334744032333,0.8615241635687733,0.06707317073170732,1.1172463014205671
66d4d54567,a0afd6458d,ranker,"steve, thanks for the update—markets are wild right now. i’m also surprised by the cash strength; any thoughts on why it’s holding up? and hey, i really do try to answer emails, maybe my filter’s acting up. let’s sync later this week?",0.09244105244522806,0.8429368029739777,0.07058823529411765,1.135262439298099
68dfa3c196,2363de00ed,random,"hey suzanne, that belize deal sounds awesome! when does the flight leave tomorrow and what hotel are we staying at? can you send the booking link?!",0.11231694949455875,0.7551020408163265,0.0,1.0345431511888177
68dfa3c196,2363de00ed,first,"hey suzanne, that belize deal sounds awesome! when does the flight leave tomorrow and what hotel are we staying at? can you send the booking link?!",0.11231694949455875,0.7551020408163265,0.0,1.0345431511888177
68dfa3c196,2363de00ed,ranker,"hi suzanne
thanks for forwarding the belize offer! is the $575 price per person or total for two? also, are meals included in the hotel stay? let me know asap!",0.1047785888876289,0.779874213836478,0.0,1.087029361078809
84ae156222,9b79c8b0e5,random,"Thank you for the notification.
I will log into eProcurement now and review the items in my inbox.
Please let me know if there is a deadline for approval.
I appreciate the prompt reminder!",0.13258002399698432,0.7978723404255319,0.02564102564102564,0.07941790529184892
84ae156222,9b79c8b0e5,first,"Thank you for the notification.
I will log into eProcurement now and review the items in my inbox.
Please let me know if there is a deadline for approval.
I appreciate the prompt reminder!",0.13258002399698432,0.7978723404255319,0.02564102564102564,0.07941790529184892
84ae156222,9b79c8b0e5,ranker,"I noticed one line item with a quantity that seems unusually high.
Could you double‑check the requested amount before I give my approval?
It’s important we avoid over‑ordering.
Looking forward to your clarification!",0.11495276068536012,0.8046511627906977,0.022727272727272728,0.11131836618762772
887be59175,56ff263f67,random,i’m sorry if i seemed pushy; just wanted us aligned.,0.0332930872456653,0.8272251308900523,0.0238095238095238,1.135275905903096
887be59175,56ff263f67,first,i’m sorry if i seemed pushy; just wanted us aligned.,0.0332930872456653,0.8272251308900523,0.0238095238095238,1.135275905903096
887be59175,56ff263f67,ranker,i’m sorry if i seemed pushy; just wanted us aligned.,0.0332930872456653,0.8272251308900523,0.0238095238095238,1.135275905903096
91499d0c9d,50692538d6,random,"Thank you for sending the redlined schedule, Sylvia.
I’ve reviewed the attachment and have a few questions about the open issues in the CSA.
Could you clarify the timeline for your updates?
Looking forward to your feedback! Have a great weekend.",0.12048623132213408,0.9306122448979591,0.0,-0.018816637254811155
91499d0c9d,50692538d6,first,"Thank you for sending the redlined schedule, Sylvia.
I’ve reviewed the attachment and have a few questions about the open issues in the CSA.
Could you clarify the timeline for your updates?
Looking forward to your feedback! Have a great weekend.",0.12048623132213408,0.9306122448979591,0.0,-0.018816637254811155
91499d0c9d,50692538d6,ranker,"Thanks for the document, Sylvia.
I’ll review the redlined schedule and forward my comments on the open issues.
Any specific timing you’d like for my feedback?
Looking forward to collaborating!
Have a great weekend!",0.09697813725690234,0.9252336448598131,0.030303030303030304,0.09189320567115959
92050e0306,fa05b51081,random,"Hello Michael,

Thank you for the brief progress update. The inclusion of flow‑regime impact on cleanup efficiency is an important advancement. Could you outline the remaining tasks needed to finish the progress report and indicate any dependencies on our team’s input? Additionally, would you prefer to receive our comments via email or schedule a quick video call to discuss them? Please let me know what works best for you.

Best,
Larry",0.2037854848101621,0.7266514806378133,0.07317073170731707,-0.14518568758212957
92050e0306,fa05b51081,first,"Hi Michael,

Thanks for the update. It’s great to hear the PCB model now includes flow‑regime effects on cleanup efficiency. Could you share the latest version of the model or a brief summary of the equations you added? Also, are there any remaining challenges you anticipate before the final report is due? Let me know if a quick call next week would help align the next steps.

Best,
Larry",0.19677251505173154,0.7237851662404092,0.11538461538461539,-0.14518568758212957
92050e0306,fa05b51081,ranker,"michael,

appreciate the summary. the extension to capture flow‑regime impact sounds promising. could you clarify which flow regimes were modeled and how cleanup efficiency varied across them? also, did you encounter any numerical stability issues when coupling the new terms? looking forward to seeing the detailed results in the progress report.

thanks,
larry",0.18649135683365678,0.7209944751381215,0.11940298507462686,0.309183040138478
9496bf2df1,a31a43c194,random,"Kevin, thanks for forwarding the CGT Option Credit Access List.
I will review all counterparties and provide execute‑access approvals where required before the 2 PM cutoff.
Please ping me if you need clarification on any entry.
Much appreciated!",0.1171683133913296,0.7428571428571429,0.1666666666666666,0.0344015266285655
9496bf2df1,a31a43c194,first,"Thanks for the heads‑up, Kevin!
I’ll review the attached list and confirm approvals by Friday 2 PM.
Please let me know if you need any additional information from my side.
Have a great day!",0.10011787522629,0.726890756302521,0.1929824561403508,0.0519368488709007
9496bf2df1,a31a43c194,ranker,"Thanks for the heads‑up, Kevin!
I’ll review the attached list and confirm approvals by Friday 2 PM.
Please let me know if you need any additional information from my side.
Have a great day!",0.10011787522629,0.726890756302521,0.1929824561403508,0.0519368488709007
a1ee6fb48f,56ff263f67,random,"i figured the local feed would suffice, so i didn't go.",0.0470728644102485,0.7818181818181819,0.0666666666666666,1.135275905903096
a1ee6fb48f,56ff263f67,first,"no, i didn't drive that far; i caught the game online instead.",0.0568762539676218,0.7741935483870968,0.0625,1.1258765461639613
a1ee6fb48f,56ff263f67,ranker,"i figured the local feed would suffice, so i didn't go.",0.0470728644102485,0.7818181818181819,0.0666666666666666,1.135275905903096
a7c0b4f463,56ff263f67,random,i attended north denver high. working at enron is fine. i haven't heard of john or sonya.,0.0611686755935639,0.7577092511013216,0.1627906976744186,1.0833653008274782
a7c0b4f463,56ff263f67,first,"i went to west high in denver. i enjoy enron, though it's busy. i don't know john or sonya.",0.0552916530792047,0.7444933920704846,0.0851063829787234,1.2018712500924689
a7c0b4f463,56ff263f67,ranker,"i went to west high in denver. i enjoy enron, though it's busy. i don't know john or sonya.",0.0552916530792047,0.7444933920704846,0.0851063829787234,1.2018712500924689
ba740b73b3,2363de00ed,random,"Hey Kam,

Thanks for letting me know about the ladwap billing fix. Please forward the updated settlement details when possible. Feel free to reach out if you need any assistance!",0.1222202866499813,0.8370786516853933,0.088235294117647,-0.1465579499859325
ba740b73b3,2363de00ed,first,thanks for the update kam! i appreciate the fix on ladwap billing. could you share the revised report or any docs? let me know if you need anything else from my side!,0.1248255382727218,0.8554216867469879,0.088235294117647,1.091925405228641
ba740b73b3,2363de00ed,ranker,thanks for the update kam! i appreciate the fix on ladwap billing. could you share the revised report or any docs? let me know if you need anything else from my side!,0.1248255382727218,0.8554216867469879,0.088235294117647,1.091925405228641
cb76b07daa,50692538d6,random,"Hi Bryan,

The $1.5 million owed by Goldman Sachs remains on our receivables list. Any update from their treasury team? Just let me know how you’d like to proceed.

Thanks!
Laurel",0.08033752034859086,0.7989130434782609,0.09259259259259259,0.07596957245336135
cb76b07daa,50692538d6,first,"Hi Bryan,

I’ve reviewed our accounts and the $1.5 million owed by Goldman Sachs remains unpaid. Have you heard back from their contacts yet? Please advise if you need further assistance.

Thanks,
Laurel",0.09348793758724754,0.7586206896551724,0.1320754716981132,-0.025175965386962183
cb76b07daa,50692538d6,ranker,"Hi Bryan,

The $1.5 million owed by Goldman Sachs remains on our receivables list. Any update from their treasury team? Just let me know how you’d like to proceed.

Thanks!
Laurel",0.08033752034859086,0.7989130434782609,0.09259259259259259,0.07596957245336135
da501405e0,9b79c8b0e5,random,"Thanks for the note! When EIM mentions an 'agreed plan', they mean the allocation schedule that has been mutually approved after internal review and sign‑off. As of now, I don’t see any record of a conversation between our teams regarding the 2002 allocations, but I will follow up with the EIM contact and",0.17699275161076342,0.732620320855615,0.13333333333333333,0.20640940172929984
da501405e0,9b79c8b0e5,first,"Thanks for the note! When EIM mentions an 'agreed plan', they mean the allocation schedule that has been mutually approved after internal review and sign‑off. As of now, I don’t see any record of a conversation between our teams regarding the 2002 allocations, but I will follow up with the EIM contact and",0.17699275161076342,0.732620320855615,0.13333333333333333,0.20640940172929984
da501405e0,9b79c8b0e5,ranker,"Thanks for the note! When EIM mentions an 'agreed plan', they mean the allocation schedule that has been mutually approved after internal review and sign‑off. As of now, I don’t see any record of a conversation between our teams regarding the 2002 allocations, but I will follow up with the EIM contact and",0.17699275161076342,0.732620320855615,0.13333333333333333,0.20640940172929984
da6bad0f19,50692538d6,random,Consider it done. I’ll assign a junior attorney to draft the summary and circulate it for review. Should I include the referral agreement as well?,0.09611516036082056,0.8356164383561644,0.0,-0.012857365582068648
da6bad0f19,50692538d6,first,"Sure, I can take over the Plains/Enron contract review. Could you send me the latest documents and any deadlines you have in mind? Let me know if you need a brief update by end of day.",0.12579892949600235,0.8532608695652174,0.05263157894736842,-0.0885474808202695
da6bad0f19,50692538d6,ranker,Happy to help. Please send over the contract files and any timeline constraints. I’ll keep you posted with updates every morning.,0.09464195502573679,0.813953488372093,0.03571428571428571,-0.011849797842533991
db6b292a91,432d4b6ac8,random,Thanks! I'll forward my resume shortly. Could you share more details about the senior role?,0.0645950443772158,0.8021978021978022,0.0,-0.1207939314215943
db6b292a91,432d4b6ac8,first,"hey craig,
I'll email my resume today. Let me know if you'd rather talk on the phone!",0.0571403125449961,0.7647058823529411,0.08,0.975180027193525
db6b292a91,432d4b6ac8,ranker,"hey there,
I'll send my cv via email. ping me if you'd like to chat first!",0.0553752225553314,0.8243243243243243,0.04,1.137825779569458
e195abb0ea,2363de00ed,random,thanks for thinking of me!\nbut i already have satellite service.\nis there a way to opt out of these emails?,0.09612399257599197,0.8073394495412844,0.037037037037037035,0.9999444630604759
e195abb0ea,2363de00ed,first,hey thanks for the offer but i’m not interested in a free directv system right now. can you remove me from your mailing list? thanks!,0.10769066258721878,0.7744360902255639,0.17857142857142858,1.1072680246705389
e195abb0ea,2363de00ed,ranker,hey thanks for the offer but i’m not interested in a free directv system right now. can you remove me from your mailing list? thanks!,0.10769066258721878,0.7744360902255639,0.17857142857142858,1.1072680246705389
