item_id,incoming_message,real_reply,Option A,Option B,Option C,Option D,Option E,Option F,Option G,Option H,Option I,Option J,Option K,Option L,Option M,Option N,Option O
887be59175,"From: 	Erin Richardson <erichardson@sarofim.com>@ENRON Sent:	Friday, October 26, 2001 2:33 PM To:	Lenhart, Matthew Subject:	RE:

i was not going nuts.  i was trying to go to sleep and you kept bringing it up.  you're nice, but you have an attitude.  very cocky.

From: Matthew.Lenhart@enron.com [mailto:Matthew.Lenhart@enron.com] Sent: Friday, October 26, 2001 1:42 PM To: erichardson@sarofim.com Subject: RE:

i was being nice.  you kept starting it and then blaming it on me.  you were going nuts.

From:   Erin Richardson <erichardson@sarofim.com>@ENRON Sent:   Friday, October 26, 2001 1:03 PM To",you kept rolling back over and laying into me.  you are the one who said you wished i was dead.  you went crazy.  you were pissed all night.  you were venting on a soap box for about 2 hours.,"I was just trying to help you relax, not provoke you. If my tone seemed cocky, I apologize—my intention was supportive.","look, i’m not trying to be an attitude. if i seemed that way, it’s unintentional. i value our chats and don’t want to ruin them over a misunderstanding.",i’m sorry if i seemed pushy; just wanted us aligned.,i hear you; what felt cocky to you?,"I understand you feel that way, but I was merely responding to your comments. Let's focus on the work at hand.","my goal was to help, not annoy.","Hey, I guess we both need a break from the stress. How about we grab coffee and reset?","Thanks for sharing your feelings, Erin. I'll take this feedback to heart and work on communicating more gently.",my bad if i seemed cocky. i was just being honest about what i saw. let’s call it a night and revisit this with fresh minds tomorrow.,could you point out what sounded like attitude?,"hey erin, i’m sorry if i came off cocky. i was just trying to help you sleep, not stir things up. let’s drop it and get some rest.","i get that you’re frustrated. i wasn’t trying to blame you, just pointing out the pattern. maybe we can talk tomorrow when we’re both less tired.","I'm sorry if I came across that way, Erin. I didn't mean to upset you; let's try to keep things calm.",i respect your need for sleep; sorry for interrupting.,"i hear you. i’ll back off and let you get to sleep. if you want to continue later, just ping me. good night."
a7c0b4f463,"From: 	ccates@mail.lbjs.com@ENRON [mailto:IMCEANOTES-ccates+40mail+2Elbjs+2Ecom+40ENRON@ENRON.com]  On Behalf Of Cori Cates <ccates@mail.lbjs.com> Sent:	Thursday, May 31, 2001 12:29 PM To:	Lenhart, Matthew Subject:	RE:

i dont hate it.  i'm just tired of it. what school in denver?  do you like working @ enron? do you know a john franklin or sonya there?

i went to high school in denver.  i have only lived here for 2 years. no wonder you hate houston.  there is nothing up in north houston.

From: 	ccates@mail.lbjs.com@ENRON [mailto:IMCEANOTES- ccates+40mail+2Elbjs+2Ecom+40ENRON@ENRON.com]  On B",i went to denver east.  have you heard of it?  i haven't heard of your friends that work here.  i like working here.  it is pretty exciting on the trading floor.  are you guys going out tomorrow night after the rehersal dinner.,"i attended denver south high. i enjoy the challenges at enron. i haven't met john franklin or sonya. houston's traffic is terrible, north side lacks things to do.","i went to denver central high. enron's okay, i'm learning a lot. no john franklin or sonya in my circle. houston's not great, north houston feels empty.","denver north high for me. enron's fine, just the usual grind. i don't recall those names. houston's heat gets me, north houston is kinda boring.","hey cori, i went to east high in denver. i like enron okay, it's busy. i don't know john franklin or sonya, but i'll ask around. houston's not my favorite either, north side is pretty quiet.",denver school was south high. enron work is okay. no contact with john franklin or sonya.,i attended north denver high. working at enron is fine. i haven't heard of john or sonya.,"Denver school: South High. Enron's okay, I'm learning a lot. Don't know those two names. You're right, north Houston is pretty sleepy.","I went to East High in Denver. Working at Enron is challenging but rewarding, and I haven't met John Franklin or Sonya yet. I agree, north Houston feels pretty quiet compared to the city center.",i went to denver's west campus. i like enron. i don't know john franklin or sonya.,"i went to denver west high. working at enron is alright, lots of projects. never heard of john franklin or sonya. yeah houston feels flat, nothing much up north.","Hey Cori, I attended West High in Denver. I like the pace at Enron, though the hours can be long. No luck with John Franklin or Sonya—maybe they're in a different division. Yeah, north Houston does lack the vibe of downtown.","I went to Denver's Central High. Enron's culture is collaborative, I enjoy it. No acquaintance with John Franklin or Sonya. I feel you—north Houston does seem a bit empty compared to the inner loop.",my denver school was east high. i like enron's culture. never met john franklin or sonya.,"I graduated from North Denver High. Working at Enron is interesting, lots of projects. I haven't crossed paths with John Franklin or Sonya. Houston's north side could use more attractions, for sure.","i went to west high in denver. i enjoy enron, though it's busy. i don't know john or sonya."
ba740b73b3,"From: 	Keiser, Kam Sent:	Tuesday, November 20, 2001 8:29 AM To:	Ward, Kim S (Houston) Subject:	LADWAP

Kim,

Settlements found the problem they had with billing LADWAP and has corrected it.

Please let me know if you have any more questions.

Thanks

Kam x3-5781","Kam,

Thanks so much for your help!

Kim","Hey Kam,

Thanks for letting me know about the ladwap billing fix. Please forward the updated settlement details when possible. Feel free to reach out if you need any assistance!","Hi Kam,

Glad to hear the ladwap issue is resolved. Please send over the corrected billing file when you can. Let me know if there are any further steps needed!","Kam,

Thank you for letting me know. Please keep me informed if any further issues arise.

Thanks,

Kim Ward
Manager, West Gas Origination","thanks kam! the ladwap correction sounds great. could you confirm the effective date of the fix? also, any impact on upcoming invoices? let me know!","Thanks, Kam.

Kim",thanks for the update kam! i appreciate the fix on ladwap billing. could you share the revised report or any docs? let me know if you need anything else from my side!,"Kam,

Got it, thanks.

Kim","""thanks for the heads‑up, kam! ladwap billing is now sorted — awesome work. could you attach the corrected statements?",Appreciate the update. Please keep me informed of any further changes.,Thanks for the heads‑up. Feel free to reach out if anything else arises.,"Thanks for letting me know, Kam. I'll review the corrected billing and get back if I have questions.","Thanks, Kam. I'll check the updated records and confirm everything looks good.","Kam,

Glad to hear it’s resolved. Do you need any documentation from settlements for our records?

Thanks,

Kim Ward
Manager, West Gas Origination","Got it, thanks. Let me know if you need anything from my side.","Hey Kam,

Appreciate the heads‑up on the LADWAP fix. Let me know if you need anything from my side.

Thanks,

Kim"
91499d0c9d,"From: 	""Dooley, Sylvia V."" <DOOLEYS@coned.com>@ENRON Sent:	Friday, October 19, 2001 3:46 PM To:	Shackleton, Sara Cc:	Diskin, George B.; Douglas, Patricia M. Subject:	cecony-enron redlined isda schedule

sara, as discussed attached is a cleaned up redlined version of the schedule.  as you know, there are still several open issues, but hopefully, it will be easier to work from this document.  in the meantime, i will work on redlining the csa and reviewing some of the open issues in the schedule that are in my court.  thanks for your help and have a great weekend! <<enron isda 8-29.doc>>

- enron",please print - thanks,"Thanks, Sylvia. I’ve received the redlined schedule and will review it early next week. Let me know if you need any input on the open issues.","""Sylvia, thanks for the update. I’ll review the document and work on the CSA redline as discussed. Enjoy your weekend!\n\nSara Shackleton Enron North America Corp. 1400","Received the cleaned‑up redlined schedule, Sylvia. I’ll circulate it to our legal and credit teams for their review and let you know of any comments by tomorrow.

Sara Shackleton Enron North America Corp. 1400 Smith Street, EB 3801a Houston, Texas  77002 713-853-5620 (phone) 713-646-3490 (fax) sara.shackleton@enron.com","Thanks for sending the redlined version. To keep momentum, could we schedule a brief call early next week to walk through the remaining open issues? Please let me know your availability.

Sara Shackleton Enron North America Corp. 1400 Smith Street, EB 3801a Houston, Texas  77002 713-853-5620 (phone) 713-646-3490 (fax) sara.shackleton@enron.com","Thanks, Sylvia. I’ve received the redlined schedule and will review the open issues. Let me know if you need any additional input from my side. Have a great weekend!

Sara Shackleton Enron North America Corp. 1400 Smith Street, EB 3801a Houston, Texas  77002 713-853-5620 (phone) 713-646-3490 (fax) sara.shackleton@enron.com","Received the attached schedule, Sylvia. Looks good so far; I’ll start reviewing the open issues you mentioned and keep you posted.","Appreciate the updated document, Sylvia. I’ll look over the CSA redlines when you have them and flag any concerns.","Got the file, Sylvia. Thanks for the cleanup—this should make our next call more productive. Have a great weekend!","Sylvia, thanks for sending the redlined schedule. I’ll compare it with our notes and get back to you by Monday with any questions.","Sylvia, appreciate the updated redline. I noticed a couple of sections still marked open—could you highlight the specific points you’d like me to focus on? I’ll prioritize those and get back to you early next week.

Sara Shackleton Enron North America Corp. 1400 Smith Street, EB 3801a Houston, Texas  77002 713-853-5620 (phone) 713-646-3490 (fax) sara.shackleton@enron.com",,,,,
68dfa3c196,"From: Vann, Suzanne Sent: Wednesday, December 12, 2001 9:27 AM To: Ward, Kim S (Houston) Subject: FW: Site59 Top Picks | Check Your List Twice!

Belize:  leave tomorrow and return Tuesday for under $575.  That includes airfare and 5 nights in the hotel!!!!

From: Patty Griffin [mailto:Site59@site59.rsc03.com] Sent: Tuesday, December 11, 2001 6:26 PM To: svann@enron.com Subject: Site59 Top Picks | Check Your List Twice!

<http://www.site59.com/images/index_topleft.gif>	  <http://www.site59.com/images/spacer.gif>	  <http://www.site59.com/images/index_topright.gif> <http://www.site59.com/images/s",If I wasn't going to phx tomarrow I would say lets go!,"I’m unable to leave tomorrow, but keep me in mind for similar offers in the future.","Belize for under $575? Tempting! I might have to skip the chocolate binge and book a trip instead. Let me know if you need any help with the booking.
Kim",Thanks for forwarding this! I’ll check my schedule and get back to you soon.,"Hi Suzanne,

I appreciate the offer, but I already have plans for those dates. Keep me in mind for future deals.

Best,
Kim",That sounds like a fantastic deal—how do I go about booking it?,Please send me the direct booking link so I can secure the trip today.,"Hi Suzanne,

Thanks for forwarding the Belize deal. Could you send me the exact travel dates and any blackout dates? Also, is the price per person or for two?

Thanks,
Kim Ward
Manager, West Gas Origination","Hi Suzanne,

Thanks for the tip. Could you also forward this to Mara in Houston? She’s been looking for a quick getaway.

Thanks,
Kim Ward","Wow, under $575 for airfare and five nights is impressive—are there any travel restrictions?","""hey suzanne, that belize deal sounds amazing! are the flights departing from houston? what hotel are we staying at? can't wait to hear more!!"",""Wow! Under $575 for airfare and five nights in Belize?!\\nAre the tickets refundable if plans change?\\nLet me know the departure airport and hotel name!\\nThanks!"",""hi suzanne,\\njust saw the belize offer—looks tempting!\\nwhat’s the baggage allowance included?\\nis travel insurance optional or required?\\nplease send the booking link when you can!\\nthanks!"",""Sounds like a great getaway! Could you confirm","That looks great! I’ll check my calendar and let you know if I can go. Thanks for the heads‑up!
Kim",,,,
db6b292a91,"From: 	craigjefferies@ckbenergy.com@ENRON Sent:	Wednesday, November 28, 2001 11:50 AM To:	Carson, Mike Subject:	Senior Position

Mike:

Please send me your resume or call me. I have senior position that I would like to discuss.

Regards,

Craig Jefferies President CKB Energy, Inc. (917) 445 1189",give me a ring today or tomorrow.  713-853-6203,"Sure thing Craig, I'll shoot my resume over to you ASAP. Talk soon! MC",Thanks for reaching out. I'll call you at the number you provided later today.,"hey there,
I'll send my cv via email. ping me if you'd like to chat first!","Appreciate the offer, Craig. Let’s sync up tomorrow morning—does 9 am work? MC",Could you provide a brief overview of the position and the location?,"Sure, I can send you my resume. Please let me know the best email address to use.","hi craig,
attaching my resume now. let me know if you need any other info!",Sure! I can send my resume right away. Would a quick call work better for you?,Sounds great! I'll give you a call later today to discuss. MC,"Hey Craig, I'm interested—can you send over the job description first? Then I'll forward my resume. MC","I appreciate the opportunity, but I'm currently not looking to change positions.","Thanks for the heads‑up, Craig. I’m currently tied up but can send my resume by end of day. MC",Thanks! I'll forward my resume shortly. Could you share more details about the senior role?,I'm interested; could you share more details about the senior role and responsibilities?,"hey craig,
I'll email my resume today. Let me know if you'd rather talk on the phone!"
f8c20cfd85,"From: 	Scott, Laura Sent:	Friday, January 25, 2002 2:58 PM To:	Beck, Sally Subject:	RE:

Wes thought it was a good idea so I've changed my flight to go home Tuesday afternoon.  I think it will help me to better understand the new expectations.

From: 	Beck, Sally Sent:	Friday, January 25, 2002 1:56 PM To:	Scott, Laura Subject:	RE:

Don't know what works best with your schedule.  Ernie Pitterelli (head of Operatins for UBS Americas) will be here on Monday and Tuesday and one of the things that we will discuss is the risk roles - position rerporting and calculation of P&L.  Ernie is targeting Tu",Great - I  will look forward to seeing you next week.  --Sally,I’m glad Wes thought it was a good idea. Let me know if you need any assistance with the travel arrangements or anything else before Tuesday. --Sally,Let me know if you need me to join the risk roles session; I can shift my flight to Monday morning if that helps.,"Sounds good, Sally. I'll adjust my plans to be available for the risk roles discussion on Monday and Tuesday.","Thanks for the update, Laura. Changing your flight to Tuesday afternoon sounds like a smart move to get a clearer picture of the new expectations. --Sally",That should give you plenty of time to sit in on Ernie’s discussions about risk roles and P&L calculations on Monday and Tuesday. Hope it’s helpful. --Sally,Thanks for letting me know. Looking forward to hearing how it goes after your flight. --Sally,Appreciate the heads-up about Ernie's visit. I'll keep Tuesday open for the meeting and fly home Wednesday instead.,Sounds like a productive plan. Safe travels and good luck gaining those insights on Tuesday. --Sally,"Thanks for the update, Sally. Tuesday afternoon works fine for me; I'll be back then and can meet with Ernie on Monday if needed.","Great, I'll coordinate with Wes and ensure I'm prepared for the P&L calculation talk on Tuesday.",,,,,
da6bad0f19,"From: 	Shackleton, Sara Sent:	Wednesday, September 19, 2001 9:57 AM To:	Taylor, Mark E (Legal) Subject:	FW: Status of Plains/Enron contracts

Mark:  Can you reassign this?  I'm getting swamped.  SS

From: 	Smith, Mark Sent:	Wednesday, September 19, 2001 9:24 AM To:	Shackleton, Sara Subject:	Status of Plains/Enron contracts

Sara, I was just following up on what the status of our review of the ""Three-way"" agreement and referral agreement contracts that we are pursuing with Plains Resources, in order to facilitate small producer hedging.  If you could give me a call or reply with where we stand,",Mark:  Can you reassign this?  Thanks.  SS,"I can reassign this to our junior associate, Jamie Lee, who has capacity. Let me know if that works for you.","I'm currently tied up with another matter, but I can delegate this to the contracts team lead. Should I proceed?","Sure, I can take over the Plains/Enron contract review. Could you send me the latest documents and any deadlines you have in mind? Let me know if you need a brief update by end of day.","Sure thing, Sara. I'll take over the Plains/Enron contract review and keep you updated.",I’ll reassign this to my team right away. Please forward the current status notes and any outstanding issues. When would you like a progress report?,Happy to help. Please send over the contract files and any timeline constraints. I’ll keep you posted with updates every morning.,"Absolutely, I can handle the reassignment. Do you have a preferred point of contact for the Plains side? Also, any specific concerns about the three‑way agreement?",Consider it done. I’ll assign a junior attorney to draft the summary and circulate it for review. Should I include the referral agreement as well?,"""Sara,\n\nI can reassign the Plains/Enron contracts review to Jane Doe in the Legal department. Please let me know if you have a preferred assignee or any specific deadlines.\n\nMark Taylor\nEnron North America Corp.\n1400 Smith Street, EB 3801a\nHouston, Texas  77002\n713-555-0123 (phone)\n713",I'll reassign the review to Mark Edwards in our legal department and cc you on all correspondence. Does that sound good?,Let's schedule a quick call to discuss the status and then I'll handle the reassignment. When are you free?,,,,
9496bf2df1,"From: 	Meredith, Kevin Sent:	Thursday, September 20, 2001 3:58 PM To:	Jones, Tana; Lambert, Karen Subject:	FW: CGT Option Credit Access List

The attached document is a list of counterparties that must be reviewed and approved by 2:00PM Friday.  All counterparties will have ""read"" access to the product, which is a Physical Turbine option, and the following list will have execute access.  Please contact me at 3-9555 or Karen O'Day at 5-4135 if you have questions.

Kevin

From: 	Thome, Stephen Sent:	Thursday, September 20, 2001 3:05 PM To:	Meredith, Kevin; Puthigai, Savita; Bradford, William S. ","Sheila Tweed, the lawyer for this turbine product, has approved all of the counterparties on the attached list to trade this product, EXCEPT The City of Tacoma, Dept. of Public Utilities.  Let me know if you need anything further from me.",Will do—reviewing the list now and will get back to you if anything needs clarification.,"Kevin,

Received the FW: CGT Option Credit Access List. I’ll go through the counterparties today and confirm the execute‑access list. Please reach out at 3‑9555 if you need anything sooner.

Best,
Karen","Hi Kevin,

I’ll review the attached list and make sure all counterparties have the appropriate read and execute access by the 2:00 PM Friday deadline. I’ll let you know if I run into any issues.

Thanks,
Tana","""Sure thing, Kevin!\nI’m on it and will have the list vetted and approved by Friday afternoon.\nIf the attachment is missing, just let me know and I’ll request a copy.\nThanks for the","Hi Kevin,
I appreciate the notice.
I’ll start reviewing the list right away and aim to have everything approved by Friday 2 PM.
Let me know if you encounter any issues with the file.
Thanks!",Thanks for forwarding; I’ll check the execute‑access counterparties and reply shortly.,"Got it, Kevin!
I will examine the counterparties and send my approvals before the deadline.
Could you resend the attachment if it didn’t come through?
Thanks for coordinating!","Got it. I’ll review the attached list and ensure the execute‑access counterparties are approved before the Friday cutoff.

Thanks,
Tana",Got it—I’ll go through the document and let you know if I have any questions.,"Kevin, thanks for forwarding the CGT Option Credit Access List.
I will review all counterparties and provide execute‑access approvals where required before the 2 PM cutoff.
Please ping me if you need clarification on any entry.
Much appreciated!","Kevin,

I’ll check the counterparties and verify the access levels. If I need clarification I’ll call you or Karen O’Day.

Thanks,
Karen","Thanks for the heads‑up, Kevin!
I’ll review the attached list and confirm approvals by Friday 2 PM.
Please let me know if you need any additional information from my side.
Have a great day!","Sure, I’ll review the counterparty list and confirm my approval by 2:00 PM Friday.","Thanks for the heads‑up, Kevin. I’ll review the document and have any questions resolved by Friday morning.

Regards,
Tana",I’ll review the list today and send any feedback before the deadline.
20123faa32,"From: 	McCullough, Travis Sent:	Thursday, July 19, 2001 12:50 PM To:	Sager, Elizabeth Subject:	RE: ISDA North American Energy and Developing Products Committee Meet	ing- July 27, 2001 --11:30 a.m.(EST)/10:30 a.m.(Central)

thanks -- I'm really looking forward to sharing my thoughts on this topic.  It's high time that people start seeing things my way on the whole subject of cross-commodity master trading agreements, and this is just the forum for me to further my agenda and launch my diabolical master plan ... BWAAA-HA-HA-HA-HA-HA.

Am I scaring you?

Travis C. McCullough Enron North America C","Dear Mark

While your judgment is normally so sound, do you really think we are headed in the right direction here with next Friday's designated speaker.  Is this appropriate for this super important, interested, motivated and highly discriminating group?  Enthusiasm is evident but  ....

Your dutiful, obedient servant, only desirous of what's best for Enron.",Only if you promise not to unleash any diabolical plans before lunch. 😄,Count me in — let's make sure the master trading agreements get the attention they deserve.,"Ha! Not scared, just excited to see what you bring to the table.","Thanks for the heads‑up, Travis.
I’m interested in how you envision the master plan influencing future commodity trading frameworks.",Your enthusiasm is contagious! See you on the 27th.,Count me in for the debate — let's make those master agreements work for everyone.,"A little intimidated, but mostly excited to learn from your experience.","your enthusiasm is notable; could you clarify which specific clauses you think need revision, and how you’d like us to support your agenda during the session?","If it's a diabolical plan, I hope it includes some good coffee for the committee.",Not at all — looking forward to hearing your ideas (and maybe a laugh) at the meeting.,"Hi Travis,
Your energy is contagious. Could you share a brief outline of the points you plan to raise so we can prepare accordingly?",Not at all — looking forward to hearing your perspective and the lively discussion.,i appreciate your confidence. what’s the biggest hurdle you anticipate getting others to see things your way?,Your enthusiasm is contagious; can't wait to see what you bring to the table.,"thanks for the enthusiasm, travis. i’m curious—what specific aspects of cross‑commodity master trading agreements do you hope to highlight at the meeting?"
