item_id,incoming_message,real_reply,neutral,fewshot,instruction
887be59175,"From: 	Erin Richardson <erichardson@sarofim.com>@ENRON Sent:	Friday, October 26, 2001 2:33 PM To:	Lenhart, Matthew Subject:	RE:

i was not going nuts.  i was trying to go to sleep and you kept bringing it up.  you're nice, but you have an attitude.  very cocky.

From: Matthew.Lenhart@enron.com [mailto:Matthew.Lenhart@enron.com] Sent: Friday, October 26, 2001 1:42 PM To: erichardson@sarofim.com Subject: RE:

i was being nice.  you kept starting it and then blaming it on me.  you were going nuts.

From:   Erin Richardson <erichardson@sarofim.com>@ENRON Sent:   Friday, October 26, 2001 1:03 PM To",you kept rolling back over and laying into me.  you are the one who said you wished i was dead.  you went crazy.  you were pissed all night.  you were venting on a soap box for about 2 hours.,"I'm sorry if I came across that way, Erin. I didn't mean to upset you; let's try to keep things calm.
---
I was just trying to help you relax, not provoke you. If my tone seemed cocky, I apologize—my intention was supportive.
---
Hey, I guess we both need a break from the stress. How about we grab coffee and reset?
---
I understand you feel that way, but I was merely responding to your comments. Let's focus on the work at hand.
---
Thanks for sharing your feelings, Erin. I'll take this feedback to heart and work on communicating more gently.","hey erin, i’m sorry if i came off cocky. i was just trying to help you sleep, not stir things up. let’s drop it and get some rest.
---
i get that you’re frustrated. i wasn’t trying to blame you, just pointing out the pattern. maybe we can talk tomorrow when we’re both less tired.
---
look, i’m not trying to be an attitude. if i seemed that way, it’s unintentional. i value our chats and don’t want to ruin them over a misunderstanding.
---
i hear you. i’ll back off and let you get to sleep. if you want to continue later, just ping me. good night.
---
my bad if i seemed cocky. i was just being honest about what i saw. let’s call it a night and revisit this with fresh minds tomorrow.","i’m sorry if i seemed pushy; just wanted us aligned.
---
i hear you; what felt cocky to you?
---
my goal was to help, not annoy.
---
i respect your need for sleep; sorry for interrupting.
---
could you point out what sounded like attitude?"
a7c0b4f463,"From: 	ccates@mail.lbjs.com@ENRON [mailto:IMCEANOTES-ccates+40mail+2Elbjs+2Ecom+40ENRON@ENRON.com]  On Behalf Of Cori Cates <ccates@mail.lbjs.com> Sent:	Thursday, May 31, 2001 12:29 PM To:	Lenhart, Matthew Subject:	RE:

i dont hate it.  i'm just tired of it. what school in denver?  do you like working @ enron? do you know a john franklin or sonya there?

i went to high school in denver.  i have only lived here for 2 years. no wonder you hate houston.  there is nothing up in north houston.

From: 	ccates@mail.lbjs.com@ENRON [mailto:IMCEANOTES- ccates+40mail+2Elbjs+2Ecom+40ENRON@ENRON.com]  On B",i went to denver east.  have you heard of it?  i haven't heard of your friends that work here.  i like working here.  it is pretty exciting on the trading floor.  are you guys going out tomorrow night after the rehersal dinner.,"I went to East High in Denver. Working at Enron is challenging but rewarding, and I haven't met John Franklin or Sonya yet. I agree, north Houston feels pretty quiet compared to the city center.
---
Hey Cori, I attended West High in Denver. I like the pace at Enron, though the hours can be long. No luck with John Franklin or Sonya—maybe they're in a different division. Yeah, north Houston does lack the vibe of downtown.
---
Denver school: South High. Enron's okay, I'm learning a lot. Don't know those two names. You're right, north Houston is pretty sleepy.
---
I graduated from North Denver High. Working at Enron is interesting, lots of projects. I haven't crossed paths with John Franklin or Sonya. Houston's north side could use more attractions, for sure.
---
I went to Denver's Central High. Enron's culture is collaborative, I enjoy it. No acquaintance with John Franklin or Sonya. I feel you—north Houston does seem a bit empty compared to the inner loop.","hey cori, i went to east high in denver. i like enron okay, it's busy. i don't know john franklin or sonya, but i'll ask around. houston's not my favorite either, north side is pretty quiet.
---
i went to denver west high. working at enron is alright, lots of projects. never heard of john franklin or sonya. yeah houston feels flat, nothing much up north.
---
denver north high for me. enron's fine, just the usual grind. i don't recall those names. houston's heat gets me, north houston is kinda boring.
---
i attended denver south high. i enjoy the challenges at enron. i haven't met john franklin or sonya. houston's traffic is terrible, north side lacks things to do.
---
i went to denver central high. enron's okay, i'm learning a lot. no john franklin or sonya in my circle. houston's not great, north houston feels empty.","i went to west high in denver. i enjoy enron, though it's busy. i don't know john or sonya.
---
my denver school was east high. i like enron's culture. never met john franklin or sonya.
---
i attended north denver high. working at enron is fine. i haven't heard of john or sonya.
---
denver school was south high. enron work is okay. no contact with john franklin or sonya.
---
i went to denver's west campus. i like enron. i don't know john franklin or sonya."
ba740b73b3,"From: 	Keiser, Kam Sent:	Tuesday, November 20, 2001 8:29 AM To:	Ward, Kim S (Houston) Subject:	LADWAP

Kim,

Settlements found the problem they had with billing LADWAP and has corrected it.

Please let me know if you have any more questions.

Thanks

Kam x3-5781","Kam,

Thanks so much for your help!

Kim","Thanks for letting me know, Kam. I'll review the corrected billing and get back if I have questions.
---
Appreciate the update. Please keep me informed of any further changes.
---
Got it, thanks. Let me know if you need anything from my side.
---
Thanks, Kam. I'll check the updated records and confirm everything looks good.
---
Thanks for the heads‑up. Feel free to reach out if anything else arises.","Kam,

Thank you for letting me know. Please keep me informed if any further issues arise.

Thanks,

Kim Ward
Manager, West Gas Origination
---
Kam,

Got it, thanks.

Kim
---
Hey Kam,

Appreciate the heads‑up on the LADWAP fix. Let me know if you need anything from my side.

Thanks,

Kim
---
Thanks, Kam.

Kim
---
Kam,

Glad to hear it’s resolved. Do you need any documentation from settlements for our records?

Thanks,

Kim Ward
Manager, West Gas Origination","thanks for the update kam! i appreciate the fix on ladwap billing. could you share the revised report or any docs? let me know if you need anything else from my side!
---
Hi Kam,

Glad to hear the ladwap issue is resolved. Please send over the corrected billing file when you can. Let me know if there are any further steps needed!
---
thanks kam! the ladwap correction sounds great. could you confirm the effective date of the fix? also, any impact on upcoming invoices? let me know!
---
Hey Kam,

Thanks for letting me know about the ladwap billing fix. Please forward the updated settlement details when possible. Feel free to reach out if you need any assistance!
---
""thanks for the heads‑up, kam! ladwap billing is now sorted — awesome work. could you attach the corrected statements?"
91499d0c9d,"From: 	""Dooley, Sylvia V."" <DOOLEYS@coned.com>@ENRON Sent:	Friday, October 19, 2001 3:46 PM To:	Shackleton, Sara Cc:	Diskin, George B.; Douglas, Patricia M. Subject:	cecony-enron redlined isda schedule

sara, as discussed attached is a cleaned up redlined version of the schedule.  as you know, there are still several open issues, but hopefully, it will be easier to work from this document.  in the meantime, i will work on redlining the csa and reviewing some of the open issues in the schedule that are in my court.  thanks for your help and have a great weekend! <<enron isda 8-29.doc>>

- enron",please print - thanks,"Thanks, Sylvia. I’ve received the redlined schedule and will review it early next week. Let me know if you need any input on the open issues.
---
Appreciate the updated document, Sylvia. I’ll look over the CSA redlines when you have them and flag any concerns.
---
Got the file, Sylvia. Thanks for the cleanup—this should make our next call more productive. Have a great weekend!
---
Sylvia, thanks for sending the redlined schedule. I’ll compare it with our notes and get back to you by Monday with any questions.
---
Received the attached schedule, Sylvia. Looks good so far; I’ll start reviewing the open issues you mentioned and keep you posted.","Thanks, Sylvia. I’ve received the redlined schedule and will review the open issues. Let me know if you need any additional input from my side. Have a great weekend!

Sara Shackleton Enron North America Corp. 1400 Smith Street, EB 3801a Houston, Texas  77002 713-853-5620 (phone) 713-646-3490 (fax) sara.shackleton@enron.com
---
Sylvia, appreciate the updated redline. I noticed a couple of sections still marked open—could you highlight the specific points you’d like me to focus on? I’ll prioritize those and get back to you early next week.

Sara Shackleton Enron North America Corp. 1400 Smith Street, EB 3801a Houston, Texas  77002 713-853-5620 (phone) 713-646-3490 (fax) sara.shackleton@enron.com
---
Received the cleaned‑up redlined schedule, Sylvia. I’ll circulate it to our legal and credit teams for their review and let you know of any comments by tomorrow.

Sara Shackleton Enron North America Corp. 1400 Smith Street, EB 3801a Houston, Texas  77002 713-853-5620 (phone) 713-646-3490 (fax) sara.shackleton@enron.com
---
Thanks for sending the redlined version. To keep momentum, could we schedule a brief call early next week to walk through the remaining open issues? Please let me know your availability.

Sara Shackleton Enron North America Corp. 1400 Smith Street, EB 3801a Houston, Texas  77002 713-853-5620 (phone) 713-646-3490 (fax) sara.shackleton@enron.com
---
""Sylvia, thanks for the update. I’ll review the document and work on the CSA redline as discussed. Enjoy your weekend!\n\nSara Shackleton Enron North America Corp. 1400",
68dfa3c196,"From: Vann, Suzanne Sent: Wednesday, December 12, 2001 9:27 AM To: Ward, Kim S (Houston) Subject: FW: Site59 Top Picks | Check Your List Twice!

Belize:  leave tomorrow and return Tuesday for under $575.  That includes airfare and 5 nights in the hotel!!!!

From: Patty Griffin [mailto:Site59@site59.rsc03.com] Sent: Tuesday, December 11, 2001 6:26 PM To: svann@enron.com Subject: Site59 Top Picks | Check Your List Twice!

<http://www.site59.com/images/index_topleft.gif>	  <http://www.site59.com/images/spacer.gif>	  <http://www.site59.com/images/index_topright.gif> <http://www.site59.com/images/s",If I wasn't going to phx tomarrow I would say lets go!,"That sounds like a fantastic deal—how do I go about booking it?
---
Thanks for forwarding this! I’ll check my schedule and get back to you soon.
---
Wow, under $575 for airfare and five nights is impressive—are there any travel restrictions?
---
Please send me the direct booking link so I can secure the trip today.
---
I’m unable to leave tomorrow, but keep me in mind for similar offers in the future.","Hi Suzanne,

Thanks for forwarding the Belize deal. Could you send me the exact travel dates and any blackout dates? Also, is the price per person or for two?

Thanks,
Kim Ward
Manager, West Gas Origination
---
That looks great! I’ll check my calendar and let you know if I can go. Thanks for the heads‑up!
Kim
---
Hi Suzanne,

I appreciate the offer, but I already have plans for those dates. Keep me in mind for future deals.

Best,
Kim
---
Belize for under $575? Tempting! I might have to skip the chocolate binge and book a trip instead. Let me know if you need any help with the booking.
Kim
---
Hi Suzanne,

Thanks for the tip. Could you also forward this to Mara in Houston? She’s been looking for a quick getaway.

Thanks,
Kim Ward","""hey suzanne, that belize deal sounds amazing! are the flights departing from houston? what hotel are we staying at? can't wait to hear more!!"",""Wow! Under $575 for airfare and five nights in Belize?!\\nAre the tickets refundable if plans change?\\nLet me know the departure airport and hotel name!\\nThanks!"",""hi suzanne,\\njust saw the belize offer—looks tempting!\\nwhat’s the baggage allowance included?\\nis travel insurance optional or required?\\nplease send the booking link when you can!\\nthanks!"",""Sounds like a great getaway! Could you confirm"
