training_user_fraction,training_users,training_lineups,scorer,tier,recall_at_1,ci_low,ci_high,mrr
0.25,17,1448,user_style,content_and_length,0.13767780606490282,0.0842484021354989,0.19008452568936438,0.3445386700564001
0.25,17,1448,ranker,content_and_length,0.1114757017176372,0.07338862213055762,0.14813028705165798,0.32248391331211024
0.25,17,1448,population,content_and_length,0.08799653303685563,0.04880933582546486,0.13306021968622775,0.26660741946001465
0.5,34,2836,ranker,content_and_length,0.16000726424113518,0.09317204804603998,0.24461928125637802,0.35702206754723775
0.5,34,2836,user_style,content_and_length,0.13767780606490282,0.0842484021354989,0.19008452568936438,0.3445386700564001
0.5,34,2836,population,content_and_length,0.08799653303685563,0.04880933582546486,0.13306021968622775,0.26660741946001465
1.0,67,5620,user_style,content_and_length,0.13767780606490282,0.0842484021354989,0.19008452568936438,0.3445386700564001
1.0,67,5620,ranker,content_and_length,0.11720827559537238,0.06822037639779574,0.16950058275058272,0.33001318347254033
1.0,67,5620,population,content_and_length,0.08799653303685563,0.04880933582546486,0.13306021968622775,0.26660741946001465
