feature,gain,split_count
llr_total,7995.483896255493,53
llr_has_newline,4682.893611907959,30
llr_starts_lower,1897.2772102355957,13
abs_delta_log_words,1683.810297012329,18
abs_delta_avg_sent_len,1107.220703125,14
abs_delta_caps_ratio,1070.3830032348633,15
llr_avg_sent_len,986.034008026123,17
std_n_exclam,930.1582050323486,16
z_caps_ratio,920.4693145751953,12
llr_punct_density,917.8692951202393,15
z_log_words,915.3637943267822,16
z_punct_density,830.3092880249023,10
delta_has_newline,816.5664024353027,8
delta_log_words,732.4360008239746,9
std_caps_ratio,726.8683013916016,9
std_punct_density,676.7620887756348,8
std_avg_sent_len,604.0788040161133,10
llr_caps_ratio,584.2123069763184,8
delta_avg_sent_len,559.6695041656494,7
abs_delta_punct_density,514.0245971679688,9
delta_punct_density,491.17699813842773,7
delta_n_questions,487.2724952697754,9
delta_caps_ratio,466.9332962036133,5
delta_n_exclam,425.38550186157227,5
llr_log_words,401.8463935852051,6
z_avg_sent_len,386.2613983154297,6
abs_delta_n_exclam,366.53870391845703,3
abs_delta_starts_lower,304.19750213623047,2
std_log_words,300.7013053894043,4
llr_n_exclam,251.69810485839844,3
delta_starts_lower,227.80230331420898,3
std_starts_lower,200.67599487304688,1
abs_delta_has_newline,166.41910552978516,2
std_n_questions,140.0835952758789,2
z_n_exclam,135.56249618530273,2
abs_delta_n_questions,62.39229965209961,1
llr_n_questions,54.24489974975586,1
std_has_newline,40.66460037231445,1
z_n_questions,0.0,0
z_starts_lower,0.0,0
z_has_newline,0.0,0
log1p_n_history,0.0,0
shrinkage_weight,0.0,0
