scorer,tier,history_bin,users,min_history_messages,median_history_messages,max_history_messages,recall_at_1,ci_low,ci_high
population,content_and_length,high,9,722,1022.0,2894,0.06023113684404007,0.014336917562724014,0.12006019667309989
population,content_and_length,low,10,83,156.0,265,0.15977884615384616,0.09248084935897435,0.22992756410256407
population,content_and_length,medium,9,314,391.0,652,0.14732131153154515,0.10199777149373923,0.1918509155327843
population,content_similar,high,9,722,1022.0,2894,0.11189228931164415,0.054910509144380115,0.1752136752136752
population,content_similar,low,10,83,156.0,265,0.17881089743589745,0.10263461538461538,0.25476738782051284
population,content_similar,medium,9,314,391.0,652,0.23287683765993,0.1338539280725043,0.3409449505917804
population,length_matched,high,9,722,1022.0,2894,0.04095441595441595,0.009259259259259259,0.0726673789173789
population,length_matched,low,10,83,156.0,265,0.19770687645687643,0.12913381410256408,0.26233391608391604
population,length_matched,medium,9,314,391.0,652,0.11609572070083748,0.047568824266822046,0.21621519501386016
population,random,high,9,722,1022.0,2894,0.017116992923444534,0.0035842293906810036,0.037056566492050344
population,random,low,10,83,156.0,265,0.11780128205128204,0.07233942307692308,0.1659423076923077
population,random,medium,9,314,391.0,652,0.1329881017923287,0.05131192887880875,0.24645611526034214
random,content_and_length,high,9,722,1022.0,2894,0.09034831357412003,0.04376068376068376,0.13451838066354194
random,content_and_length,low,10,83,156.0,265,0.09812616550116551,0.0641636145104895,0.1350491987179487
random,content_and_length,medium,9,314,391.0,652,0.10914931399914714,0.0698381438731828,0.14998358445410725
random,content_similar,high,9,722,1022.0,2894,0.08625999448580093,0.042114695340501794,0.1308645230217811
random,content_similar,low,10,83,156.0,265,0.08269609557109557,0.04171555944055944,0.12631531905594404
random,content_similar,medium,9,314,391.0,652,0.08520281206043163,0.037320792944541555,0.13051496960173267
random,length_matched,high,9,722,1022.0,2894,0.09902582483227645,0.038507490120393346,0.1738247863247863
random,length_matched,low,10,83,156.0,265,0.09462995337995338,0.05973878205128205,0.13179283216783216
random,length_matched,medium,9,314,391.0,652,0.057292216085319536,0.024162943059494783,0.09604720439203197
random,random,high,9,722,1022.0,2894,0.11009741751677235,0.045236007719878686,0.18568100358422934
random,random,low,10,83,156.0,265,0.10046328671328672,0.06412696678321678,0.13471350524475526
random,random,medium,9,314,391.0,652,0.10799156082248407,0.08755688767006899,0.1325093294831893
ranker,content_and_length,high,9,722,1022.0,2894,0.1513794687988236,0.06693548387096775,0.25104344729344724
ranker,content_and_length,low,10,83,156.0,265,0.17953846153846156,0.07702532051282052,0.3057128205128205
ranker,content_and_length,medium,9,314,391.0,652,0.14199966720545143,0.11023435798741693,0.17153519944398696
ranker,content_similar,high,9,722,1022.0,2894,0.2878531384982998,0.17024202738718866,0.4344774147596728
ranker,content_similar,low,10,83,156.0,265,0.1988467365967366,0.09361347610722609,0.3138841637529137
ranker,content_similar,medium,9,314,391.0,652,0.2092935847162766,0.13142043113747787,0.28211275762819144
ranker,length_matched,high,9,722,1022.0,2894,0.24850978770333607,0.12460259856630825,0.4016754893851668
ranker,length_matched,low,10,83,156.0,265,0.18946794871794873,0.09047564102564103,0.3028860576923077
ranker,length_matched,medium,9,314,391.0,652,0.2569178302437479,0.16124014122901778,0.38005464090558644
ranker,random,high,9,722,1022.0,2894,0.2836297215329473,0.13489316239316237,0.45380479735318446
ranker,random,low,10,83,156.0,265,0.17737820512820512,0.09545833333333334,0.2769078525641025
ranker,random,medium,9,314,391.0,652,0.30043029746589256,0.20363128597806018,0.4158509856229544
user_style,content_and_length,high,9,722,1022.0,2894,0.2414934289127838,0.13240384615384615,0.37036039886039884
user_style,content_and_length,low,10,83,156.0,265,0.26802622377622376,0.1921421328671329,0.34491875
user_style,content_and_length,medium,9,314,391.0,652,0.17563921967703947,0.10146671051315101,0.26045842917227785
user_style,content_similar,high,9,722,1022.0,2894,0.2866280672732286,0.21182749747265878,0.3817877492877492
user_style,content_similar,low,10,83,156.0,265,0.34887296037296034,0.25008741258741257,0.45485673076923083
user_style,content_similar,medium,9,314,391.0,652,0.1854998231694561,0.11919500035045086,0.25524032956291015
user_style,length_matched,high,9,722,1022.0,2894,0.2638447752963882,0.11350427350427353,0.4274786324786325
user_style,length_matched,low,10,83,156.0,265,0.26092365967365966,0.17776478729603729,0.3507746212121211
user_style,length_matched,medium,9,314,391.0,652,0.22084798940193823,0.1207788295316104,0.3343981290204872
user_style,random,high,9,722,1022.0,2894,0.2958399963238673,0.17860888245565665,0.4159202164323132
user_style,random,low,10,83,156.0,265,0.28617365967365965,0.20470396270396268,0.3791359848484848
user_style,random,medium,9,314,391.0,652,0.24998897016138397,0.1487763409961686,0.39160953996771575
