user_type,history_messages,incoming,candidate,rank,ranker_score,style_score,contributions_json,reasons_json
informal_lowercase,5,I will arrive in around ten minutes.,yea ill be there in like 10 mins,1,1.4286998932629216,4.216420365555842,"{""avg_sent_len"": 0.2745790152114233, ""caps_ratio"": 0.3790439147602781, ""has_newline"": 0.4668890464869959, ""log_words"": 0.7534878522109372, ""n_exclam"": 0.2081640030503192, ""n_questions"": 0.20492474644363312, ""punct_density"": 0.49683677649270375, ""starts_lower"": 1.432495010899551}","[""lowercase starts contributes positively to the style match."", ""message length contributes positively to the style match."", ""punctuation density contributes positively to the style match.""]"
informal_lowercase,5,I will arrive in around ten minutes.,I should arrive in approximately ten minutes.,2,0.21958573582687857,1.77516659852955,"{""avg_sent_len"": 0.3172395763948854, ""caps_ratio"": 0.35574208817799, ""has_newline"": 0.4668890464869959, ""log_words"": 0.7919243226979547, ""n_exclam"": 0.2081640030503192, ""n_questions"": 0.20492474644363312, ""punct_density"": 0.376313371821903, ""starts_lower"": -0.9460305565441315}","[""lowercase starts contributes negatively to the style match."", ""message length contributes positively to the style match."", ""line-break use contributes positively to the style match.""]"
informal_lowercase,5,I will arrive in around ten minutes.,I will arrive in around ten minutes.,3,-0.040470902135074246,1.6906646906208693,"{""avg_sent_len"": 0.3172395763948854, ""caps_ratio"": 0.3390345953966349, ""has_newline"": 0.4668890464869959, ""log_words"": 0.7919243226979547, ""n_exclam"": 0.2081640030503192, ""n_questions"": 0.20492474644363312, ""punct_density"": 0.3085189566945776, ""starts_lower"": -0.9460305565441315}","[""lowercase starts contributes negatively to the style match."", ""message length contributes positively to the style match."", ""line-break use contributes positively to the style match.""]"
informal_lowercase,5,I will arrive in around ten minutes.,omw in 10 mins!! 😭,4,-0.12794811098561307,1.0143313606111823,"{""avg_sent_len"": 0.3910306727644297, ""caps_ratio"": 0.3790439147602781, ""has_newline"": 0.4668890464869959, ""log_words"": 0.8912572223581844, ""n_exclam"": -0.23506091282457275, ""n_questions"": 0.20492474644363312, ""punct_density"": -2.516248340277317, ""starts_lower"": 1.432495010899551}","[""punctuation density contributes negatively to the style match."", ""lowercase starts contributes positively to the style match."", ""message length contributes positively to the style match.""]"
informal_lowercase,5,I will arrive in around ten minutes.,I expect to arrive in approximately ten minutes; thank you for your patience.,5,-0.3444083474630825,1.1234278700480307,"{""avg_sent_len"": -0.07420025865799207, ""caps_ratio"": 0.37056625348922145, ""has_newline"": 0.4668890464869959, ""log_words"": 0.5609328732581842, ""n_exclam"": 0.2081640030503192, ""n_questions"": 0.20492474644363312, ""punct_density"": 0.3321817625218003, ""starts_lower"": -0.9460305565441315}","[""lowercase starts contributes negatively to the style match."", ""message length contributes positively to the style match."", ""line-break use contributes positively to the style match.""]"
formal_complete,5,I will arrive in around ten minutes.,I expect to arrive in approximately ten minutes; thank you for your patience.,1,0.7102770710580059,2.1537776897698406,"{""avg_sent_len"": 0.14999400710922883, ""caps_ratio"": 0.27372880428176083, ""has_newline"": 0.4668890464869959, ""log_words"": 0.36808414833562814, ""n_exclam"": 0.2081640030503192, ""n_questions"": 0.20492474644363312, ""punct_density"": 0.25667245855787263, ""starts_lower"": 0.22532047550440207}","[""line-break use contributes positively to the style match."", ""message length contributes positively to the style match."", ""capitalization contributes positively to the style match.""]"
formal_complete,5,I will arrive in around ten minutes.,I should arrive in approximately ten minutes.,2,0.47538305195045105,2.15134926818543,"{""avg_sent_len"": 0.16269514349370812, ""caps_ratio"": 0.2784066480321564, ""has_newline"": 0.4668890464869959, ""log_words"": 0.34195163401640427, ""n_exclam"": 0.2081640030503192, ""n_questions"": 0.20492474644363312, ""punct_density"": 0.26299757115781114, ""starts_lower"": 0.22532047550440207}","[""line-break use contributes positively to the style match."", ""message length contributes positively to the style match."", ""capitalization contributes positively to the style match.""]"
formal_complete,5,I will arrive in around ten minutes.,I will arrive in around ten minutes.,3,0.3823630781736193,2.138447476597201,"{""avg_sent_len"": 0.16269514349370812, ""caps_ratio"": 0.27710848693543855, ""has_newline"": 0.4668890464869959, ""log_words"": 0.34195163401640427, ""n_exclam"": 0.2081640030503192, ""n_questions"": 0.20492474644363312, ""punct_density"": 0.2513939406662996, ""starts_lower"": 0.22532047550440207}","[""line-break use contributes positively to the style match."", ""message length contributes positively to the style match."", ""capitalization contributes positively to the style match.""]"
formal_complete,5,I will arrive in around ten minutes.,yea ill be there in like 10 mins,4,-0.39625335347151036,-0.30934071299198507,"{""avg_sent_len"": 0.1817122503410324, ""caps_ratio"": 0.25299604755289196, ""has_newline"": 0.4668890464869959, ""log_words"": 0.35760225168667137, ""n_exclam"": 0.2081640030503192, ""n_questions"": 0.20492474644363312, ""punct_density"": 0.1715760333857519, ""starts_lower"": -2.153205091939281}","[""lowercase starts contributes negatively to the style match."", ""line-break use contributes positively to the style match."", ""message length contributes positively to the style match.""]"
formal_complete,5,I will arrive in around ten minutes.,omw in 10 mins!! 😭,5,-0.5947968955236501,-2.759612814970088,"{""avg_sent_len"": 0.05492231196436537, ""caps_ratio"": 0.25299604755289196, ""has_newline"": 0.4668890464869959, ""log_words"": 0.22561427090951813, ""n_exclam"": -0.23506091282457275, ""n_questions"": 0.20492474644363312, ""punct_density"": -1.5766932335636388, ""starts_lower"": -2.153205091939281}","[""lowercase starts contributes negatively to the style match."", ""punctuation density contributes negatively to the style match."", ""line-break use contributes positively to the style match.""]"
expressive_energetic,5,I will arrive in around ten minutes.,omw in 10 mins!! 😭,1,0.8698399928877188,4.000865237551085,"{""avg_sent_len"": 0.24581792368993372, ""caps_ratio"": 0.3790439147602781, ""has_newline"": 0.4668890464869959, ""log_words"": 0.523430211759143, ""n_exclam"": 0.3704625104045673, ""n_questions"": 0.20492474644363312, ""punct_density"": 0.377801873106983, ""starts_lower"": 1.432495010899551}","[""lowercase starts contributes positively to the style match."", ""message length contributes positively to the style match."", ""line-break use contributes positively to the style match.""]"
expressive_energetic,5,I will arrive in around ten minutes.,yea ill be there in like 10 mins,2,0.5056215078946712,2.3950689029832835,"{""avg_sent_len"": 0.23691410850259248, ""caps_ratio"": 0.3790439147602781, ""has_newline"": 0.4668890464869959, ""log_words"": 0.5414121731881522, ""n_exclam"": 0.005900430776992781, ""n_questions"": 0.20492474644363312, ""punct_density"": -0.872510528074912, ""starts_lower"": 1.432495010899551}","[""lowercase starts contributes positively to the style match."", ""punctuation density contributes negatively to the style match."", ""message length contributes positively to the style match.""]"
expressive_energetic,5,I will arrive in around ten minutes.,I expect to arrive in approximately ten minutes; thank you for your patience.,3,-0.9251354042029051,0.36474988397034347,"{""avg_sent_len"": 0.043328540860374555, ""caps_ratio"": 0.37056625348922145, ""has_newline"": 0.4668890464869959, ""log_words"": 0.46719925062898626, ""n_exclam"": 0.005900430776992781, ""n_questions"": 0.20492474644363312, ""punct_density"": -0.24802782817172914, ""starts_lower"": -0.9460305565441315}","[""lowercase starts contributes negatively to the style match."", ""message length contributes positively to the style match."", ""line-break use contributes positively to the style match.""]"
expressive_energetic,5,I will arrive in around ten minutes.,I should arrive in approximately ten minutes.,4,-1.154842353967213,0.5615080511314178,"{""avg_sent_len"": 0.25130378220996386, ""caps_ratio"": 0.35574208817799, ""has_newline"": 0.4668890464869959, ""log_words"": 0.548484574271559, ""n_exclam"": 0.005900430776992781, ""n_questions"": 0.20492474644363312, ""punct_density"": -0.32570606069158536, ""starts_lower"": -0.9460305565441315}","[""lowercase starts contributes negatively to the style match."", ""message length contributes positively to the style match."", ""line-break use contributes positively to the style match.""]"
expressive_energetic,5,I will arrive in around ten minutes.,I will arrive in around ten minutes.,5,-1.1745873150878416,0.6583187074500388,"{""avg_sent_len"": 0.25130378220996386, ""caps_ratio"": 0.3390345953966349, ""has_newline"": 0.4668890464869959, ""log_words"": 0.548484574271559, ""n_exclam"": 0.005900430776992781, ""n_questions"": 0.20492474644363312, ""punct_density"": -0.21218791159160913, ""starts_lower"": -0.9460305565441315}","[""lowercase starts contributes negatively to the style match."", ""message length contributes positively to the style match."", ""line-break use contributes positively to the style match.""]"
