history_msgs,tier,users,recall_at_1,ci_low,ci_high
0,content_and_length,28,0.10000000000000002,0.10000000000000002,0.10000000000000002
0,content_similar,28,0.10000000000000002,0.10000000000000002,0.10000000000000002
0,length_matched,28,0.10000000000000002,0.10000000000000002,0.10000000000000002
0,random,28,0.10000000000000002,0.10000000000000002,0.10000000000000002
1,content_and_length,28,0.16478569318436034,0.13208619119001067,0.2006476636679814
1,content_similar,28,0.21250281666309395,0.17836632296528707,0.25233211212430684
1,length_matched,28,0.16148138852756086,0.11982712099471915,0.20599398659877935
1,random,28,0.1736396536164632,0.13821048978951112,0.21231210255598212
3,content_and_length,28,0.1751555524762858,0.14151136612865173,0.21198760419753984
3,content_similar,28,0.2182765485878071,0.18452645905560353,0.25893873884879265
3,length_matched,28,0.18871642863995475,0.14231175553759673,0.24898622671822057
3,random,28,0.22328637977265423,0.17435253801277556,0.2862586114004182
10,content_and_length,28,0.1873458350416379,0.1465884921823601,0.2340644652977106
10,content_similar,28,0.2357784100290655,0.19719449243208279,0.2807236744470328
10,length_matched,28,0.22096360703031806,0.16803012593426048,0.2922781428595329
10,random,28,0.26194361085773166,0.20571383394676632,0.3340311396441136
30,content_and_length,28,0.21153419471262708,0.16184874661121582,0.26533671590098373
30,content_similar,28,0.2538067317192933,0.20959294797161276,0.2990863733680554
30,length_matched,28,0.254016041661342,0.18918224025078859,0.3312042226984176
30,random,28,0.28773336113649756,0.2264708991794022,0.35715023842713706
100,content_and_length,28,0.2138600933017845,0.16514433870021428,0.26583022408945556
100,content_similar,28,0.26190115497441097,0.21111702834041146,0.3135159751101125
100,length_matched,28,0.23875827196004376,0.1731062838696519,0.31715990809680716
100,random,28,0.28210128053038824,0.21306417621103582,0.35762092839062776
all,content_and_length,28,0.21927406648386308,0.16914417374728935,0.2710046125315174
all,content_similar,28,0.2505071167477313,0.20315831966802664,0.30172094369525543
all,length_matched,28,0.24520978147865163,0.18152161063121158,0.32150769669707374
all,random,28,0.2909981553353157,0.21856810926374332,0.37086962666055007
