,n_words,n_chars,log_words,n_sentences,avg_sent_len,punct_density,n_questions,n_exclam,has_ellipsis,caps_ratio,starts_lower
n_words,1.0,0.966,1.0,0.483,0.591,-0.312,-0.129,0.078,0.049,-0.167,0.058
n_chars,0.966,1.0,0.966,0.498,0.546,-0.285,-0.115,0.089,0.063,-0.139,0.019
log_words,1.0,0.966,1.0,0.483,0.591,-0.312,-0.129,0.078,0.049,-0.167,0.058
n_sentences,0.483,0.498,0.483,1.0,-0.364,0.283,0.132,0.259,0.113,0.003,0.019
avg_sent_len,0.591,0.546,0.591,-0.364,1.0,-0.62,-0.243,-0.158,-0.053,-0.197,0.045
punct_density,-0.312,-0.285,-0.312,0.283,-0.62,1.0,0.265,0.132,0.15,0.442,-0.333
n_questions,-0.129,-0.115,-0.129,0.132,-0.243,0.265,1.0,-0.032,-0.021,0.063,-0.056
n_exclam,0.078,0.089,0.078,0.259,-0.158,0.132,-0.032,1.0,0.015,-0.096,0.111
has_ellipsis,0.049,0.063,0.049,0.113,-0.053,0.15,-0.021,0.015,1.0,0.008,-0.007
caps_ratio,-0.167,-0.139,-0.167,0.003,-0.197,0.442,0.063,-0.096,0.008,1.0,-0.931
starts_lower,0.058,0.019,0.058,0.019,0.045,-0.333,-0.056,0.111,-0.007,-0.931,1.0
